district,total_population,secondary_school_students,primary_school_students,primary_mean,primary_median,primary_q1,primary_q3,primary_std,primary_iqr,secondary_mean,secondary_median,secondary_q1,secondary_q3,secondary_std,secondary_iqr,diff_mean,diff_median,diff_q1,diff_q3,diff_std,diff_iqr
Sarawak,2454432,208426,230757,5.41449366355678,3.143333333333333,1.9133333333333333,5.246666666666667,9.703297069420795,3.333333333333334,13.688326934269718,5.306666666666667,3.2233333333333336,11.075,28.3802873433698,7.851666666666666,8.273833270712938,2.1633333333333336,1.3100000000000003,5.828333333333332,18.676990273949006,4.518333333333332
Asajaya,33903,3300,3599,2.1308173566731496,1.8900000000000001,1.0516666666666667,2.8449999999999998,1.4703664885383485,1.793333333333333,5.983022222222222,5.826666666666667,3.71,8.368333333333334,3.316625116106075,4.658333333333334,3.8522048655490724,3.936666666666667,2.658333333333333,5.523333333333334,1.8462586275677266,2.865000000000001
Bau,52596,4472,4380,2.6596293759512935,2.2766666666666664,1.4366666666666668,3.2550000000000003,1.907550075114962,1.8183333333333336,8.848748509242695,7.91,4.036666666666666,12.879999999999999,5.835067366985683,8.843333333333334,6.189119133291401,5.633333333333334,2.5999999999999996,9.624999999999998,3.9275172918707213,7.025
Belaga,22301,2139,2160,18.16631685323383,7.136666666666667,3.065,19.485,33.50326944887511,16.419999999999998,41.61247448579055,12.325,3.503333333333333,58.17666666666666,67.59125838081492,54.67333333333333,23.44615763255672,5.188333333333333,0.438333333333333,38.69166666666666,34.08798893193981,38.25333333333333
Beluru,28909,2882,2987,13.945412900345943,4.375,1.1183333333333332,22.096666666666668,21.439703290726545,20.978333333333335,26.735446449225076,22.113333333333333,12.705,35.26166666666666,25.38104517357886,22.556666666666665,12.790033548879133,17.738333333333333,11.586666666666666,13.164999999999996,3.9413418828523135,1.5783333333333296
Betong,36288,3105,3236,4.567656038345317,2.618333333333333,1.3816666666666668,5.111666666666666,6.165510366269582,3.7299999999999995,13.280533659066233,5.458333333333333,3.45,17.44,14.775414507525914,13.990000000000002,8.712877620720917,2.84,2.0683333333333334,12.328333333333335,8.609904141256333,10.260000000000002
Bintulu,178505,15814,18656,6.575550254623426,4.611666666666666,3.4983333333333335,7.3566666666666665,5.88389894239233,3.858333333333333,9.224865406100468,5.1899999999999995,3.975,8.306666666666667,12.115504392346972,4.331666666666667,2.649315151477042,0.5783333333333331,0.47666666666666657,0.9500000000000002,6.2316054499546425,0.47333333333333405
Bukit Mabong,9882,593,1144,20.33528125181734,9.853333333333333,3.665,21.551666666666666,38.37395942585435,17.886666666666667,99.95678308823528,79.39833333333333,49.115,105.96666666666667,85.58116826640696,56.85166666666667,79.62150183641795,69.54499999999999,45.45,84.415,47.20720884055261,38.965
Dalat,21303,1862,1986,3.068427970885169,1.3733333333333335,0.9616666666666667,2.8266666666666667,4.466112712783461,1.865,20.871507339778017,8.143333333333334,3.853333333333333,12.153333333333334,40.71372962207593,8.3,17.80307936889285,6.770000000000001,2.8916666666666666,9.326666666666668,36.24761690929247,6.4350000000000005
Daro,19602,1720,2283,3.772123337717376,2.2766666666666664,1.4616666666666667,3.308333333333333,5.658857320337535,1.8466666666666665,20.702472677595633,5.673333333333333,2.115,49.11,23.817866150204097,46.995,16.93034933987826,3.3966666666666665,0.6533333333333335,45.80166666666667,18.15900882986656,45.14833333333333
Julau,15310,1405,1557,7.51205701754386,5.846666666666667,3.128333333333333,8.996666666666666,7.105130866633134,5.868333333333333,36.599539136795904,20.69333333333333,3.0616666666666665,47.016666666666666,47.123134250911534,43.955,29.087482119252044,14.846666666666664,-0.06666666666666643,38.019999999999996,40.0180033842784,38.086666666666666
Kabong,18701,1547,1735,3.573456292026897,2.07,0.9866666666666667,4.29,3.692073157723192,3.3033333333333332,16.030221934927816,10.71,6.406666666666666,24.293333333333333,13.352169206855264,17.886666666666667,12.456765642900919,8.64,5.42,20.003333333333334,9.660096049132072,14.583333333333334
Kanowit,24610,2270,2570,5.1953621270608705,3.305,1.6516666666666666,6.823333333333333,5.430756914362314,5.171666666666667,16.64396925858951,10.938333333333333,4.069999999999999,23.446666666666665,18.86717544254269,19.376666666666665,11.44860713152864,7.633333333333333,2.418333333333333,16.62333333333333,13.436418528180376,14.204999999999998
Kapit,36091,3624,4145,6.382054479209952,2.5,1.72,4.501666666666667,13.365156934692294,2.781666666666667,24.99208904109589,4.276666666666667,3.0533333333333332,9.004999999999999,59.45644029215356,5.951666666666666,18.61003456188594,1.7766666666666673,1.3333333333333333,4.503333333333332,46.091283357461265,3.169999999999999
Kuching,609189,50117,55263,3.3780312927878207,3.0116666666666663,2.0733333333333333,4.288333333333333,1.9764599092849295,2.215,5.18762747837658,4.528333333333333,2.8800000000000003,6.321666666666667,3.637679079157447,3.441666666666667,1.8095961855887595,1.516666666666667,0.8066666666666671,2.033333333333334,1.6612191698725176,1.226666666666667
Lawas,36695,3389,4017,3.6727030951788233,2.335,1.5216666666666667,3.6866666666666665,4.363251547371337,2.165,29.214235270974722,7.09,3.3866666666666663,16.445,70.35512452526305,13.058333333333334,25.5415321757959,4.755,1.8649999999999995,12.758333333333333,65.99187297789172,10.893333333333334
Limbang,45010,4135,4794,5.675086914198303,2.2333333333333334,1.105,4.301666666666667,13.684129250870107,3.1966666666666668,16.604036704664885,5.038333333333333,3.9266666666666667,17.368333333333332,28.287201491059736,13.441666666666666,10.928949790466582,2.8049999999999997,2.8216666666666668,13.066666666666666,14.60307224018963,10.245
Lubok Antu,24305,1833,2094,6.218471323298898,3.3666666666666667,1.4,7.739999999999999,8.3436477135965,6.34,20.482068649045523,11.685,3.8633333333333337,22.23,27.215711537539363,18.366666666666667,14.263597325746625,8.318333333333333,2.463333333333334,14.490000000000002,18.872063823942863,12.026666666666667
Lundu,33405,2881,3360,5.796245535714286,3.308333333333333,1.8916666666666666,6.233333333333333,7.310231460201256,4.341666666666667,16.802438967950945,13.716666666666667,5.793333333333334,24.666666666666668,13.77555305732442,18.873333333333335,11.006193432236659,10.408333333333333,3.9016666666666673,18.433333333333334,6.465321597123164,14.531666666666668
Marudi,18999,1959,2039,8.488888343959458,2.4133333333333336,0.9433333333333334,5.355,17.751878022687183,4.411666666666667,25.744169650468887,4.27,2.9099999999999997,38.11333333333334,37.382812060891226,35.20333333333334,17.25528130650943,1.856666666666666,1.9666666666666663,32.75833333333334,19.630934038204042,30.79166666666667
Matu,16198,1237,1502,4.365442892928884,2.0883333333333334,1.4566666666666668,3.5616666666666665,9.116438543194961,2.1049999999999995,29.79835084882781,7.5633333333333335,4.6466666666666665,15.5,74.18104557546211,10.853333333333333,25.432907955898926,5.475,3.1899999999999995,11.938333333333333,65.06460703226715,8.748333333333335
Meradong,20298,1797,2174,2.8859414290095065,2.0883333333333334,1.2283333333333333,3.3033333333333332,2.851372487379474,2.075,12.301309590057505,3.018333333333333,2.2550000000000003,9.403333333333334,23.51871250397721,7.148333333333333,9.415368161047999,0.9299999999999997,1.026666666666667,6.100000000000001,20.667340016597734,5.073333333333333
Miri,248891,20094,21664,4.395140298414519,3.7800000000000002,2.42,5.458333333333333,3.2702243081394773,3.038333333333333,5.959684269905265,4.37,2.9833333333333334,6.67,10.594324088412675,3.6866666666666665,1.5645439714907452,0.5899999999999999,0.5633333333333335,1.211666666666667,7.3240997802731975,0.6483333333333334
Mukah,42194,3359,3898,8.68019323050557,3.6416666666666666,1.73,8.168333333333333,15.297941821908994,6.438333333333333,35.88768794749403,23.89333333333333,4.489999999999999,58.74333333333333,36.994776618767936,54.25333333333333,27.20749471698846,20.251666666666665,2.7599999999999993,50.575,21.696834796858944,47.815
Pakan,15293,1302,1443,8.56462807017544,6.423333333333333,3.385,12.126666666666667,7.589077516390077,8.741666666666667,29.262849922239504,21.313333333333333,5.075,37.538333333333334,34.21339094393484,32.46333333333333,20.698221852064066,14.89,1.6900000000000004,25.41166666666667,26.624313427544763,23.721666666666664
Pusa,19499,1999,2697,2.9132968730688416,1.87,1.09,2.6733333333333333,5.735719656994522,1.5833333333333333,12.85077955644489,4.178333333333333,3.2449999999999997,23.426666666666666,13.667684062904062,20.181666666666665,9.937482683376048,2.3083333333333327,2.1549999999999994,20.753333333333334,7.9319644059095396,18.598333333333333
Samarahan,128307,12561,11274,5.014099254922831,4.711666666666667,2.545,6.628333333333333,3.085208712689228,4.083333333333333,6.476950348963723,6.1066666666666665,3.878333333333333,7.751666666666667,3.4995678102113885,3.873333333333334,1.462851094040892,1.3949999999999996,1.333333333333333,1.123333333333334,0.4143590975221607,-0.20999999999999908
Saratok,23517,1669,1745,3.5396695319961795,2.635,1.35,4.510000000000001,3.0917688494751014,3.1600000000000006,14.668406274980017,3.775,1.7083333333333333,29.084999999999997,18.193276562327906,27.376666666666665,11.128736742983836,1.1400000000000001,0.35833333333333317,24.574999999999996,15.101507712852804,24.216666666666665
Sarikei,44097,3959,4193,3.174364416885285,2.6733333333333333,1.74,3.69,2.533815203012061,1.95,8.749162246358509,3.76,2.5433333333333334,7.33,13.230220319831874,4.786666666666667,5.574797829473224,1.0866666666666664,0.8033333333333335,3.64,10.696405116819813,2.836666666666667
Sebauh,29897,1750,2636,23.14536540181423,15.658333333333333,3.3866666666666663,29.35666666666667,26.58776771627694,25.970000000000002,66.54537069131524,65.325,20.265,95.135,50.65597655547818,74.87,43.40000528950101,49.66666666666667,16.878333333333334,65.77833333333334,24.068208839201244,48.900000000000006
Selangau,19412,1541,1847,10.88482770879916,7.988333333333333,2.9766666666666666,13.081666666666667,11.458406086840844,10.105,39.63773561674502,30.32,20.918333333333333,42.07333333333334,64.28022003903469,21.155000000000005,28.75290790794586,22.331666666666667,17.941666666666666,28.99166666666667,52.82181395219384,11.050000000000004
Serian,85389,7339,7797,3.6206835578362195,3.0616666666666665,1.605,4.571666666666667,3.0989424345642473,2.9666666666666672,10.098032801780928,7.03,4.443333333333333,12.051666666666668,8.457433265938647,7.608333333333334,6.477349243944708,3.9683333333333337,2.8383333333333334,7.48,5.3584908313744,4.6416666666666675
Sibu,248009,20462,22130,3.475133077270673,2.7816666666666667,1.7916666666666667,4.2733333333333325,3.0889162754239123,2.4816666666666656,6.1913167497475,3.695,2.335,7.48,6.973265137483506,5.1450000000000005,2.716183672476827,0.9133333333333331,0.5433333333333332,3.206666666666668,3.8843488620595936,2.663333333333335
Simunjan,35705,3094,3417,3.4546175982830944,2.378333333333333,1.47,4.491666666666666,4.02184609277666,3.0216666666666665,14.134277634130576,7.006666666666666,4.038333333333333,22.716666666666665,13.833463305613162,18.67833333333333,10.679660035847482,4.628333333333333,2.5683333333333334,18.224999999999998,9.811617212836502,15.656666666666665
Song,9999,875,1082,5.1200391851310645,1.8,0.56,5.055000000000001,8.77496935739813,4.495000000000001,28.854007092198575,4.386666666666667,3.0900000000000003,19.82,58.6265087387132,16.73,23.73396790706751,2.586666666666667,2.5300000000000002,14.765,49.85153938131507,12.235
Sri Aman,61503,4343,5348,5.744543754674645,2.7783333333333333,1.675,5.4366666666666665,9.154673842455537,3.7616666666666667,18.721688351920694,6.158333333333333,2.9566666666666666,31.645,21.063521800307193,28.688333333333333,12.977144597246049,3.38,1.2816666666666665,26.208333333333332,11.908847957851656,24.926666666666666
Subis,57309,4333,4982,14.775070900537635,8.338333333333333,2.5133333333333336,19.078333333333333,17.534872512862822,16.564999999999998,33.877905269664666,27.81833333333333,9.903333333333334,47.63,30.519425258870918,37.72666666666667,19.10283436912703,19.479999999999997,7.390000000000001,28.55166666666667,12.984552746008095,21.16166666666667
Tanjung Manis,7903,536,719,3.809188687992582,2.353333333333333,1.52,6.208333333333333,3.3520695589009013,4.688333333333333,29.094112403100777,35.68666666666666,12.764999999999999,43.358333333333334,16.932139807752524,30.593333333333334,25.284923715108196,33.33333333333333,11.245,37.15,13.580070248851623,25.905
Tatau,32217,2541,3587,13.715397519030166,4.586666666666667,1.1466666666666667,19.736666666666668,20.23034007711827,18.59,54.340629895128096,30.27,4.431666666666667,73.26,68.53180006298489,68.82833333333333,40.62523237609793,25.683333333333334,3.285,53.52333333333334,48.301459985866614,50.23833333333333
Tebedu,25598,2600,2521,3.1498928996429987,2.415,1.2983333333333333,5.073333333333333,2.624674689128851,3.775,22.678476282051278,20.15666666666667,9.486666666666668,37.32,14.502626248235824,27.833333333333332,19.52858338240828,17.74166666666667,8.188333333333334,32.24666666666667,11.877951559106974,24.058333333333334
Telang Usan,17593,1988,2096,16.50668367346939,2.643333333333333,1.1883333333333332,21.46833333333333,26.907080967538942,20.279999999999998,83.21577271174864,70.91166666666666,26.583333333333332,117.90833333333333,72.73026573648949,91.325,66.70908903827925,68.26833333333333,25.395,96.44,45.82318476895054,71.045
